Workbook

Sheet Summary
L5: In UTA | P5: In CHL $ | V5: UTA values
D6: =+[1]tab!A1 -> year | E6: =+[1]tab!B1 -> tramo | F6: =+[1]tab!C1 -> tasa | G6: =+[1]tab!D1 -> N_GC | H6: =+[1]tab!E1 -> Y_GC | I6: =+[1]tab!F1 -> I_GC | J6: UTA | L6: Average income | M6: Average tax | N6: Average tax rate | P6: Average income | Q6: Average tax | R6: Average tax rate | V6: Year | W6: UTA
D7: =+[1]tab!A2 -> 2005 | E7: =+[1]tab!B2 -> 0 | F7: =+[1]tab!C2 -> 0 | G7: =+[1]tab!D2 -> 1187090 | H7: =+[1]tab!E2 -> 1841112.1 | I7: =+[1]tab!F2 -> 0.4 | J7: =+$W$7 -> 378852 | L7: =+H7/G7 -> 1.5509457 | M7: =+I7/G7 -> 3.3695844e-07 | N7: =+I7/H7 -> 2.1725999e-07 | P7: =+L7*J7 -> 587578.87 | Q7: =+M7*J7 -> 0.12765738 | R7: =+Q7/P7 -> 2.1725999e-07 | V7: 2005 | W7: =+[2]UTA!$B$14 -> 378852
D8: =+[1]tab!A3 -> 2005 | E8: =+[1]tab!B3 -> 13.5 | F8: =+[1]tab!C3 -> 0.05 | G8: =+[1]tab!D3 -> 322125 | H8: =+[1]tab!E3 -> 2472473.9 | I8: =+[1]tab!F3 -> 41215.6 | J8: =+$W$7 -> 378852 | L8: =+H8/G8 -> 7.6755107 | M8: =+I8/G8 -> 0.12794909 | N8: =+I8/H8 -> 0.016669782 | P8: =+L8*J8 -> 2907882.6 | Q8: =+M8*J8 -> 48473.768 | R8: =+Q8/P8 -> 0.016669782 | V8: 2006 | W8: =+[2]UTA!$B$13 -> 386472
D9: =+[1]tab!A4 -> 2005 | E9: =+[1]tab!B4 -> 30 | F9: =+[1]tab!C4 -> 0.1 | G9: =+[1]tab!D4 -> 142946 | H9: =+[1]tab!E4 -> 2083451.6 | I9: =+[1]tab!F4 -> 90505.7 | J9: =+$W$7 -> 378852 | L9: =+H9/G9 -> 14.575095 | M9: =+I9/G9 -> 0.63314608 | N9: =+I9/H9 -> 0.04344027 | P9: =+L9*J9 -> 5521804.1 | Q9: =+M9*J9 -> 239868.66 | R9: =+Q9/P9 -> 0.04344027 | V9: 2007 | W9: =+[2]UTA!$B$12 -> 410664
D10: =+[1]tab!A5 -> 2005 | E10: =+[1]tab!B5 -> 50 | F10: =+[1]tab!C5 -> 0.15 | G10: =+[1]tab!D5 -> 66633 | H10: =+[1]tab!E5 -> 1490430.4 | I10: =+[1]tab!F5 -> 105489.9 | J10: =+$W$7 -> 378852 | L10: =+H10/G10 -> 22.367752 | M10: =+I10/G10 -> 1.583148 | N10: =+I10/H10 -> 0.070778146 | P10: =+L10*J10 -> 8474067.5 | Q10: =+M10*J10 -> 599778.78 | R10: =+Q10/P10 -> 0.070778146 | V10: 2008 | W10: =+[2]UTA!$B$11 -> 451824
D11: =+[1]tab!A6 -> 2005 | E11: =+[1]tab!B6 -> 70 | F11: =+[1]tab!C6 -> 0.25 | G11: =+[1]tab!D6 -> 35706 | H11: =+[1]tab!E6 -> 1068038.5 | I11: =+[1]tab!F6 -> 108998 | J11: =+$W$7 -> 378852 | L11: =+H11/G11 -> 29.912018 | M11: =+I11/G11 -> 3.0526522 | N11: =+I11/H11 -> 0.10205437 | P11: =+L11*J11 -> 11332228 | Q11: =+M11*J11 -> 1156503.4 | R11: =+Q11/P11 -> 0.10205437 | V11: 2009 | W11: =+[2]UTA!$B$10 -> 442356
D12: =+[1]tab!A7 -> 2005 | E12: =+[1]tab!B7 -> 90 | F12: =+[1]tab!C7 -> 0.32 | G12: =+[1]tab!D7 -> 24220 | H12: =+[1]tab!E7 -> 942537.4 | I12: =+[1]tab!F7 -> 136587.4 | J12: =+$W$7 -> 378852 | L12: =+H12/G12 -> 38.915665 | M12: =+I12/G12 -> 5.6394467 | N12: =+I12/H12 -> 0.14491457 | P12: =+L12*J12 -> 14743277 | Q12: =+M12*J12 -> 2136515.7 | R12: =+Q12/P12 -> 0.14491457 | V12: 2010 | W12: =+[2]UTA!$B$9 -> 451260
D13: =+[1]tab!A8 -> 2005 | E13: =+[1]tab!B8 -> 120 | F13: =+[1]tab!C8 -> 0.37 | G13: =+[1]tab!D8 -> 9460 | H13: =+[1]tab!E8 -> 476080.1 | I13: =+[1]tab!F8 -> 90166.5 | J13: =+$W$7 -> 378852 | L13: =+H13/G13 -> 50.325592 | M13: =+I13/G13 -> 9.5313425 | N13: =+I13/H13 -> 0.18939355 | P13: =+L13*J13 -> 19065951 | Q13: =+M13*J13 -> 3610968.2 | R13: =+Q13/P13 -> 0.18939355 | V13: 2011 | W13: =+[2]UTA!$B$8 -> 468252
D14: =+[1]tab!A9 -> 2005 | E14: =+[1]tab!B9 -> 150 | F14: =+[1]tab!C9 -> 0.4 | G14: =+[1]tab!D9 -> 10505 | H14: =+[1]tab!E9 -> 1058296.2 | I14: =+[1]tab!F9 -> 309593.4 | J14: =+$W$7 -> 378852 | L14: =+H14/G14 -> 100.74214 | M14: =+I14/G14 -> 29.471052 | N14: =+I14/H14 -> 0.29253946 | P14: =+L14*J14 -> 38166362 | Q14: =+M14*J14 -> 11165167 | R14: =+Q14/P14 -> 0.29253946 | V14: 2012 | W14: =+[2]UTA!$B$7 -> 482472
D15: =+[1]tab!A10 -> 2006 | E15: =+[1]tab!B10 -> 0 | F15: =+[1]tab!C10 -> 0 | G15: =+[1]tab!D10 -> 1200653 | H15: =+[1]tab!E10 -> 1945336.2 | I15: =+[1]tab!F10 -> 3 | J15: =+$W$8 -> 386472 | L15: =+H15/G15 -> 1.6202318 | M15: =+I15/G15 -> 2.4986403e-06 | N15: =+I15/H15 -> 1.5421499e-06 | P15: =+L15*J15 -> 626174.23 | Q15: =+M15*J15 -> 0.96565452 | R15: =+Q15/P15 -> 1.5421499e-06 | V15: 2013 | W15: =+[2]UTA!$B$6 -> 489264
D16: =+[1]tab!A11 -> 2006 | E16: =+[1]tab!B11 -> 13.5 | F16: =+[1]tab!C11 -> 0.05 | G16: =+[1]tab!D11 -> 344808 | H16: =+[1]tab!E11 -> 2702640 | I16: =+[1]tab!F11 -> 45158.8 | J16: =+$W$8 -> 386472 | L16: =+H16/G16 -> 7.8381012 | M16: =+I16/G16 -> 0.13096796 | N16: =+I16/H16 -> 0.016709144 | P16: =+L16*J16 -> 3029206.6 | Q16: =+M16*J16 -> 50615.449 | R16: =+Q16/P16 -> 0.016709144 | V16: 2014 | W16: =+[2]UTA!$B$5 -> 518376
D17: =+[1]tab!A12 -> 2006 | E17: =+[1]tab!B12 -> 30 | F17: =+[1]tab!C12 -> 0.1 | G17: =+[1]tab!D12 -> 154107 | H17: =+[1]tab!E12 -> 2291386.3 | I17: =+[1]tab!F12 -> 99560.2 | J17: =+$W$8 -> 386472 | L17: =+H17/G17 -> 14.868801 | M17: =+I17/G17 -> 0.64604593 | N17: =+I17/H17 -> 0.043449767 | P17: =+L17*J17 -> 5746375.2 | Q17: =+M17*J17 -> 249678.66 | R17: =+Q17/P17 -> 0.043449767 | V17: 2015 | W17: =+[2]UTA!$B$4 -> 539460
D18: =+[1]tab!A13 -> 2006 | E18: =+[1]tab!B13 -> 50 | F18: =+[1]tab!C13 -> 0.15 | G18: =+[1]tab!D13 -> 72288 | H18: =+[1]tab!E13 -> 1653387.1 | I18: =+[1]tab!F13 -> 117339.3 | J18: =+$W$8 -> 386472 | L18: =+H18/G18 -> 22.872221 | M18: =+I18/G18 -> 1.6232196 | N18: =+I18/H18 -> 0.070969043 | P18: =+L18*J18 -> 8839472.9 | Q18: =+M18*J18 -> 627328.93 | R18: =+Q18/P18 -> 0.070969043 | V18: 2016 | W18: =+[2]UTA!$B$3 -> 554196
D19: =+[1]tab!A14 -> 2006 | E19: =+[1]tab!B14 -> 70 | F19: =+[1]tab!C14 -> 0.25 | G19: =+[1]tab!D14 -> 42329 | H19: =+[1]tab!E14 -> 1291867.2 | I19: =+[1]tab!F14 -> 131904.3 | J19: =+$W$8 -> 386472 | L19: =+H19/G19 -> 30.519672 | M19: =+I19/G19 -> 3.1161686 | N19: =+I19/H19 -> 0.10210361 | P19: =+L19*J19 -> 11794999 | Q19: =+M19*J19 -> 1204311.9 | R19: =+Q19/P19 -> 0.10210361 | V19: 2017 | W19: =+[2]UTA!$B$2 -> 563664
D20: =+[1]tab!A15 -> 2006 | E20: =+[1]tab!B15 -> 90 | F20: =+[1]tab!C15 -> 0.32 | G20: =+[1]tab!D15 -> 28036 | H20: =+[1]tab!E15 -> 1110409.3 | I20: =+[1]tab!F15 -> 160490.7 | J20: =+$W$8 -> 386472 | L20: =+H20/G20 -> 39.606552 | M20: =+I20/G20 -> 5.7244507 | N20: =+I20/H20 -> 0.14453292 | P20: =+L20*J20 -> 15306823 | Q20: =+M20*J20 -> 2212339.9 | R20: =+Q20/P20 -> 0.14453292 | V20: 2018 | W20: 580236
D21: =+[1]tab!A16 -> 2006 | E21: =+[1]tab!B16 -> 120 | F21: =+[1]tab!C16 -> 0.37 | G21: =+[1]tab!D16 -> 10735 | H21: =+[1]tab!E16 -> 551294.2 | I21: =+[1]tab!F16 -> 104413.7 | J21: =+$W$8 -> 386472 | L21: =+H21/G21 -> 51.354839 | M21: =+I21/G21 -> 9.7264741 | N21: =+I21/H21 -> 0.18939742 | P21: =+L21*J21 -> 19847207 | Q21: =+M21*J21 -> 3759009.9 | R21: =+Q21/P21 -> 0.18939742 | V21: 2019 | W21: 595476
D22: =+[1]tab!A17 -> 2006 | E22: =+[1]tab!B17 -> 150 | F22: =+[1]tab!C17 -> 0.4 | G22: =+[1]tab!D17 -> 11327 | H22: =+[1]tab!E17 -> 1164833.4 | I22: =+[1]tab!F17 -> 340196.9 | J22: =+$W$8 -> 386472 | L22: =+H22/G22 -> 102.83689 | M22: =+I22/G22 -> 30.034157 | N22: =+I22/H22 -> 0.29205627 | P22: =+L22*J22 -> 39743577 | Q22: =+M22*J22 -> 11607361 | R22: =+Q22/P22 -> 0.29205627 | V22: 2020 | W22: 612348
D23: =+[1]tab!A18 -> 2007 | E23: =+[1]tab!B18 -> 0 | F23: =+[1]tab!C18 -> 0 | G23: =+[1]tab!D18 -> 1186205 | H23: =+[1]tab!E18 -> 2099057.2 | I23: =+[1]tab!F18 -> 1.4 | J23: =+$W$9 -> 410664 | L23: =+H23/G23 -> 1.7695569 | M23: =+I23/G23 -> 1.1802344e-06 | N23: =+I23/H23 -> 6.669661e-07 | P23: =+L23*J23 -> 726693.3 | Q23: =+M23*J23 -> 0.4846798 | R23: =+Q23/P23 -> 6.669661e-07 | V23: 2021 | W23: 650052
D24: =+[1]tab!A19 -> 2007 | E24: =+[1]tab!B19 -> 13.5 | F24: =+[1]tab!C19 -> 0.05 | G24: =+[1]tab!D19 -> 366318 | H24: =+[1]tab!E19 -> 3053353 | I24: =+[1]tab!F19 -> 51096.8 | J24: =+$W$9 -> 410664 | L24: =+H24/G24 -> 8.3352524 | M24: =+I24/G24 -> 0.13948755 | N24: =+I24/H24 -> 0.016734652 | P24: =+L24*J24 -> 3422988.1 | Q24: =+M24*J24 -> 57282.515 | R24: =+Q24/P24 -> 0.016734652
D25: =+[1]tab!A20 -> 2007 | E25: =+[1]tab!B20 -> 30 | F25: =+[1]tab!C20 -> 0.1 | G25: =+[1]tab!D20 -> 165466 | H25: =+[1]tab!E20 -> 2622359.9 | I25: =+[1]tab!F20 -> 114390.8 | J25: =+$W$9 -> 410664 | L25: =+H25/G25 -> 15.848331 | M25: =+I25/G25 -> 0.69132511 | N25: =+I25/H25 -> 0.04362132 | P25: =+L25*J25 -> 6508338.9 | Q25: =+M25*J25 -> 283902.33 | R25: =+Q25/P25 -> 0.04362132
D26: =+[1]tab!A21 -> 2007 | E26: =+[1]tab!B21 -> 50 | F26: =+[1]tab!C21 -> 0.15 | G26: =+[1]tab!D21 -> 82676 | H26: =+[1]tab!E21 -> 2005960.1 | I26: =+[1]tab!F21 -> 142110.7 | J26: =+$W$9 -> 410664 | L26: =+H26/G26 -> 24.262907 | M26: =+I26/G26 -> 1.718887 | N26: =+I26/H26 -> 0.070844231 | P26: =+L26*J26 -> 9963902.4 | Q26: =+M26*J26 -> 705885 | R26: =+Q26/P26 -> 0.070844231
D27: =+[1]tab!A22 -> 2007 | E27: =+[1]tab!B22 -> 70 | F27: =+[1]tab!C22 -> 0.25 | G27: =+[1]tab!D22 -> 45180 | H27: =+[1]tab!E22 -> 1463426.2 | I27: =+[1]tab!F22 -> 149174.8 | J27: =+$W$9 -> 410664 | L27: =+H27/G27 -> 32.391018 | M27: =+I27/G27 -> 3.3017884 | N27: =+I27/H27 -> 0.10193531 | P27: =+L27*J27 -> 13301825 | Q27: =+M27*J27 -> 1355925.6 | R27: =+Q27/P27 -> 0.10193531
D28: =+[1]tab!A23 -> 2007 | E28: =+[1]tab!B23 -> 90 | F28: =+[1]tab!C23 -> 0.32 | G28: =+[1]tab!D23 -> 30173 | H28: =+[1]tab!E23 -> 1271988 | I28: =+[1]tab!F23 -> 184216.4 | J28: =+$W$9 -> 410664 | L28: =+H28/G28 -> 42.156498 | M28: =+I28/G28 -> 6.1053392 | N28: =+I28/H28 -> 0.14482558 | P28: =+L28*J28 -> 17312156 | Q28: =+M28*J28 -> 2507243 | R28: =+Q28/P28 -> 0.14482558
D29: =+[1]tab!A24 -> 2007 | E29: =+[1]tab!B24 -> 120 | F29: =+[1]tab!C24 -> 0.37 | G29: =+[1]tab!D24 -> 11829 | H29: =+[1]tab!E24 -> 646778.5 | I29: =+[1]tab!F24 -> 122798.2 | J29: =+$W$9 -> 410664 | L29: =+H29/G29 -> 54.677361 | M29: =+I29/G29 -> 10.381114 | N29: =+I29/H29 -> 0.18986129 | P29: =+L29*J29 -> 22454024 | Q29: =+M29*J29 -> 4263149.9 | R29: =+Q29/P29 -> 0.18986129
D30: =+[1]tab!A25 -> 2007 | E30: =+[1]tab!B25 -> 150 | F30: =+[1]tab!C25 -> 0.4 | G30: =+[1]tab!D25 -> 12484 | H30: =+[1]tab!E25 -> 1349216.6 | I30: =+[1]tab!F25 -> 393313.8 | J30: =+$W$9 -> 410664 | L30: =+H30/G30 -> 108.07566 | M30: =+I30/G30 -> 31.505431 | N30: =+I30/H30 -> 0.29151272 | P30: =+L30*J30 -> 44382785 | Q30: =+M30*J30 -> 12938146 | R30: =+Q30/P30 -> 0.29151272
D31: =+[1]tab!A26 -> 2008 | E31: =+[1]tab!B26 -> 0 | F31: =+[1]tab!C26 -> 0 | G31: =+[1]tab!D26 -> 1207673 | H31: =+[1]tab!E26 -> 2394070.7 | I31: =+[1]tab!F26 -> 0.8 | J31: =+$W$10 -> 451824 | L31: =+H31/G31 -> 1.9823832 | M31: =+I31/G31 -> 6.6243097e-07 | N31: =+I31/H31 -> 3.3415889e-07 | P31: =+L31*J31 -> 895688.32 | Q31: =+M31*J31 -> 0.29930221 | R31: =+Q31/P31 -> 3.3415889e-07
D32: =+[1]tab!A27 -> 2008 | E32: =+[1]tab!B27 -> 13.5 | F32: =+[1]tab!C27 -> 0.05 | G32: =+[1]tab!D27 -> 387722 | H32: =+[1]tab!E27 -> 3549449.3 | I32: =+[1]tab!F27 -> 59183.3 | J32: =+$W$10 -> 451824 | L32: =+H32/G32 -> 9.1546244 | M32: =+I32/G32 -> 0.15264365 | N32: =+I32/H32 -> 0.016673939 | P32: =+L32*J32 -> 4136279 | Q32: =+M32*J32 -> 68968.063 | R32: =+Q32/P32 -> 0.016673939
D33: =+[1]tab!A28 -> 2008 | E33: =+[1]tab!B28 -> 30 | F33: =+[1]tab!C28 -> 0.1 | G33: =+[1]tab!D28 -> 174711 | H33: =+[1]tab!E28 -> 3044761.2 | I33: =+[1]tab!F28 -> 132699.3 | J33: =+$W$10 -> 451824 | L33: =+H33/G33 -> 17.427416 | M33: =+I33/G33 -> 0.75953603 | N33: =+I33/H33 -> 0.043582827 | P33: =+L33*J33 -> 7874124.6 | Q33: =+M33*J33 -> 343176.61 | R33: =+Q33/P33 -> 0.043582827
D34: =+[1]tab!A29 -> 2008 | E34: =+[1]tab!B29 -> 50 | F34: =+[1]tab!C29 -> 0.15 | G34: =+[1]tab!D29 -> 85624 | H34: =+[1]tab!E29 -> 2281341 | I34: =+[1]tab!F29 -> 161242.7 | J34: =+$W$10 -> 451824 | L34: =+H34/G34 -> 26.64371 | M34: =+I34/G34 -> 1.8831484 | N34: =+I34/H34 -> 0.070678912 | P34: =+L34*J34 -> 12038267 | Q34: =+M34*J34 -> 850851.65 | R34: =+Q34/P34 -> 0.070678912
D35: =+[1]tab!A30 -> 2008 | E35: =+[1]tab!B30 -> 70 | F35: =+[1]tab!C30 -> 0.25 | G35: =+[1]tab!D30 -> 43775 | H35: =+[1]tab!E30 -> 1559043.7 | I35: =+[1]tab!F30 -> 158704.1 | J35: =+$W$10 -> 451824 | L35: =+H35/G35 -> 35.614933 | M35: =+I35/G35 -> 3.6254506 | N35: =+I35/H35 -> 0.1017958 | P35: =+L35*J35 -> 16091682 | Q35: =+M35*J35 -> 1638065.6 | R35: =+Q35/P35 -> 0.1017958
D36: =+[1]tab!A31 -> 2008 | E36: =+[1]tab!B31 -> 90 | F36: =+[1]tab!C31 -> 0.32 | G36: =+[1]tab!D31 -> 30125 | H36: =+[1]tab!E31 -> 1396254.1 | I36: =+[1]tab!F31 -> 201975.9 | J36: =+$W$10 -> 451824 | L36: =+H36/G36 -> 46.348684 | M36: =+I36/G36 -> 6.7045942 | N36: =+I36/H36 -> 0.14465555 | P36: =+L36*J36 -> 20941448 | Q36: =+M36*J36 -> 3029296.6 | R36: =+Q36/P36 -> 0.14465555
D37: =+[1]tab!A32 -> 2008 | E37: =+[1]tab!B32 -> 120 | F37: =+[1]tab!C32 -> 0.37 | G37: =+[1]tab!D32 -> 11964 | H37: =+[1]tab!E32 -> 718803.4 | I37: =+[1]tab!F32 -> 136230.8 | J37: =+$W$10 -> 451824 | L37: =+H37/G37 -> 60.080525 | M37: =+I37/G37 -> 11.386727 | N37: =+I37/H37 -> 0.18952442 | P37: =+L37*J37 -> 27145823 | Q37: =+M37*J37 -> 5144796.5 | R37: =+Q37/P37 -> 0.18952442
D38: =+[1]tab!A33 -> 2008 | E38: =+[1]tab!B33 -> 150 | F38: =+[1]tab!C33 -> 0.4 | G38: =+[1]tab!D33 -> 12601 | H38: =+[1]tab!E33 -> 1525739.2 | I38: =+[1]tab!F33 -> 447708.8 | J38: =+$W$10 -> 451824 | L38: =+H38/G38 -> 121.0808 | M38: =+I38/G38 -> 35.529625 | N38: =+I38/H38 -> 0.29343731 | P38: =+L38*J38 -> 54707213 | Q38: =+M38*J38 -> 16053137 | R38: =+Q38/P38 -> 0.29343731
D39: =+[1]tab!A34 -> 2009 | E39: =+[1]tab!B34 -> 0 | F39: =+[1]tab!C34 -> 0 | G39: =+[1]tab!D34 -> 1211558 | H39: =+[1]tab!E34 -> 2346371.3 | I39: =+[1]tab!F34 -> 2.2 | J39: =+$W$11 -> 442356 | L39: =+H39/G39 -> 1.9366562 | M39: =+I39/G39 -> 1.8158437e-06 | N39: =+I39/H39 -> 9.3761801e-07 | P39: =+L39*J39 -> 856691.49 | Q39: =+M39*J39 -> 0.80324937 | R39: =+Q39/P39 -> 9.3761801e-07
D40: =+[1]tab!A35 -> 2009 | E40: =+[1]tab!B35 -> 13.5 | F40: =+[1]tab!C35 -> 0.05 | G40: =+[1]tab!D35 -> 398336 | H40: =+[1]tab!E35 -> 3578437.4 | I40: =+[1]tab!F35 -> 59943.4 | J40: =+$W$11 -> 442356 | L40: =+H40/G40 -> 8.9834647 | M40: =+I40/G40 -> 0.15048452 | N40: =+I40/H40 -> 0.016751278 | P40: =+L40*J40 -> 3973889.5 | Q40: =+M40*J40 -> 66567.728 | R40: =+Q40/P40 -> 0.016751278
D41: =+[1]tab!A36 -> 2009 | E41: =+[1]tab!B36 -> 30 | F41: =+[1]tab!C36 -> 0.1 | G41: =+[1]tab!D36 -> 181589 | H41: =+[1]tab!E36 -> 3099099.3 | I41: =+[1]tab!F36 -> 135112.1 | J41: =+$W$11 -> 442356 | L41: =+H41/G41 -> 17.066559 | M41: =+I41/G41 -> 0.74405443 | N41: =+I41/H41 -> 0.043597215 | P41: =+L41*J41 -> 7549494.6 | Q41: =+M41*J41 -> 329136.94 | R41: =+Q41/P41 -> 0.043597215
D42: =+[1]tab!A37 -> 2009 | E42: =+[1]tab!B37 -> 50 | F42: =+[1]tab!C37 -> 0.15 | G42: =+[1]tab!D37 -> 88434 | H42: =+[1]tab!E37 -> 2311690.2 | I42: =+[1]tab!F37 -> 163779.9 | J42: =+$W$11 -> 442356 | L42: =+H42/G42 -> 26.140288 | M42: =+I42/G42 -> 1.8520015 | N42: =+I42/H42 -> 0.070848551 | P42: =+L42*J42 -> 11563313 | Q42: =+M42*J42 -> 819243.97 | R42: =+Q42/P42 -> 0.070848551
D43: =+[1]tab!A38 -> 2009 | E43: =+[1]tab!B38 -> 70 | F43: =+[1]tab!C38 -> 0.25 | G43: =+[1]tab!D38 -> 50186 | H43: =+[1]tab!E38 -> 1753662.7 | I43: =+[1]tab!F38 -> 179108.6 | J43: =+$W$11 -> 442356 | L43: =+H43/G43 -> 34.943265 | M43: =+I43/G43 -> 3.5688957 | N43: =+I43/H43 -> 0.10213401 | P43: =+L43*J43 -> 15457363 | Q43: =+M43*J43 -> 1578722.4 | R43: =+Q43/P43 -> 0.10213401
D44: =+[1]tab!A39 -> 2009 | E44: =+[1]tab!B39 -> 90 | F44: =+[1]tab!C39 -> 0.32 | G44: =+[1]tab!D39 -> 35686 | H44: =+[1]tab!E39 -> 1619432.2 | I44: =+[1]tab!F39 -> 234284.3 | J44: =+$W$11 -> 442356 | L44: =+H44/G44 -> 45.380043 | M44: =+I44/G44 -> 6.56516 | N44: =+I44/H44 -> 0.14467064 | P44: =+L44*J44 -> 20074134 | Q44: =+M44*J44 -> 2904137.9 | R44: =+Q44/P44 -> 0.14467064
D45: =+[1]tab!A40 -> 2009 | E45: =+[1]tab!B40 -> 120 | F45: =+[1]tab!C40 -> 0.37 | G45: =+[1]tab!D40 -> 13384 | H45: =+[1]tab!E40 -> 785902.2 | I45: =+[1]tab!F40 -> 148756.6 | J45: =+$W$11 -> 442356 | L45: =+H45/G45 -> 58.719531 | M45: =+I45/G45 -> 11.11451 | N45: =+I45/H45 -> 0.18928131 | P45: =+L45*J45 -> 25974937 | Q45: =+M45*J45 -> 4916570.1 | R45: =+Q45/P45 -> 0.18928131
D46: =+[1]tab!A41 -> 2009 | E46: =+[1]tab!B41 -> 150 | F46: =+[1]tab!C41 -> 0.4 | G46: =+[1]tab!D41 -> 13672 | H46: =+[1]tab!E41 -> 1562675.5 | I46: =+[1]tab!F41 -> 452522.3 | J46: =+$W$11 -> 442356 | L46: =+H46/G46 -> 114.29751 | M46: =+I46/G46 -> 33.098471 | N46: =+I46/H46 -> 0.28958175 | P46: =+L46*J46 -> 50560187 | Q46: =+M46*J46 -> 14641307 | R46: =+Q46/P46 -> 0.28958175
D47: =+[1]tab!A42 -> 2010 | E47: =+[1]tab!B42 -> 0 | F47: =+[1]tab!C42 -> 0 | G47: =+[1]tab!D42 -> 1233620 | H47: =+[1]tab!E42 -> 2482860.5 | I47: =+[1]tab!F42 -> 0.4 | J47: =+$W$12 -> 451260 | L47: =+H47/G47 -> 2.0126623 | M47: =+I47/G47 -> 3.2424896e-07 | N47: =+I47/H47 -> 1.611045e-07 | P47: =+L47*J47 -> 908234 | Q47: =+M47*J47 -> 0.14632058 | R47: =+Q47/P47 -> 1.611045e-07
D48: =+[1]tab!A43 -> 2010 | E48: =+[1]tab!B43 -> 13.5 | F48: =+[1]tab!C43 -> 0.05 | G48: =+[1]tab!D43 -> 429070 | H48: =+[1]tab!E43 -> 3948694.2 | I48: =+[1]tab!F43 -> 66685.5 | J48: =+$W$12 -> 451260 | L48: =+H48/G48 -> 9.2029137 | M48: =+I48/G48 -> 0.1554187 | N48: =+I48/H48 -> 0.016887988 | P48: =+L48*J48 -> 4152906.9 | Q48: =+M48*J48 -> 70134.241 | R48: =+Q48/P48 -> 0.016887988
D49: =+[1]tab!A44 -> 2010 | E49: =+[1]tab!B44 -> 30 | F49: =+[1]tab!C44 -> 0.1 | G49: =+[1]tab!D44 -> 201282 | H49: =+[1]tab!E44 -> 3507427.5 | I49: =+[1]tab!F44 -> 153085.4 | J49: =+$W$12 -> 451260 | L49: =+H49/G49 -> 17.42544 | M49: =+I49/G49 -> 0.76055186 | N49: =+I49/H49 -> 0.043646063 | P49: =+L49*J49 -> 7863404.2 | Q49: =+M49*J49 -> 343206.63 | R49: =+Q49/P49 -> 0.043646063
D50: =+[1]tab!A45 -> 2010 | E50: =+[1]tab!B45 -> 50 | F50: =+[1]tab!C45 -> 0.15 | G50: =+[1]tab!D45 -> 98761 | H50: =+[1]tab!E45 -> 2634586.6 | I50: =+[1]tab!F45 -> 186687.8 | J50: =+$W$12 -> 451260 | L50: =+H50/G50 -> 26.676386 | M50: =+I50/G50 -> 1.8902988 | N50: =+I50/H50 -> 0.070860377 | P50: =+L50*J50 -> 12037986 | Q50: =+M50*J50 -> 853016.24 | R50: =+Q50/P50 -> 0.070860377
D51: =+[1]tab!A46 -> 2010 | E51: =+[1]tab!B46 -> 70 | F51: =+[1]tab!C46 -> 0.25 | G51: =+[1]tab!D46 -> 53249 | H51: =+[1]tab!E46 -> 1900807.8 | I51: =+[1]tab!F46 -> 194495.1 | J51: =+$W$12 -> 451260 | L51: =+H51/G51 -> 35.696591 | M51: =+I51/G51 -> 3.6525587 | N51: =+I51/H51 -> 0.10232234 | P51: =+L51*J51 -> 16108444 | Q51: =+M51*J51 -> 1648253.7 | R51: =+Q51/P51 -> 0.10232234
D52: =+[1]tab!A47 -> 2010 | E52: =+[1]tab!B47 -> 90 | F52: =+[1]tab!C47 -> 0.32 | G52: =+[1]tab!D47 -> 40619 | H52: =+[1]tab!E47 -> 1884149.1 | I52: =+[1]tab!F47 -> 273233.9 | J52: =+$W$12 -> 451260 | L52: =+H52/G52 -> 46.385906 | M52: =+I52/G52 -> 6.726751 | N52: =+I52/H52 -> 0.14501713 | P52: =+L52*J52 -> 20932104 | Q52: =+M52*J52 -> 3035513.7 | R52: =+Q52/P52 -> 0.14501713
D53: =+[1]tab!A48 -> 2010 | E53: =+[1]tab!B48 -> 120 | F53: =+[1]tab!C48 -> 0.37 | G53: =+[1]tab!D48 -> 15515 | H53: =+[1]tab!E48 -> 929154.9 | I53: =+[1]tab!F48 -> 175774.7 | J53: =+$W$12 -> 451260 | L53: =+H53/G53 -> 59.887522 | M53: =+I53/G53 -> 11.329339 | N53: =+I53/H53 -> 0.18917696 | P53: =+L53*J53 -> 27024843 | Q53: =+M53*J53 -> 5112477.7 | R53: =+Q53/P53 -> 0.18917696
D54: =+[1]tab!A49 -> 2010 | E54: =+[1]tab!B49 -> 150 | F54: =+[1]tab!C49 -> 0.4 | G54: =+[1]tab!D49 -> 15537 | H54: =+[1]tab!E49 -> 1813561.1 | I54: =+[1]tab!F49 -> 525145 | J54: =+$W$12 -> 451260 | L54: =+H54/G54 -> 116.72531 | M54: =+I54/G54 -> 33.79964 | N54: =+I54/H54 -> 0.28956565 | P54: =+L54*J54 -> 52673462 | Q54: =+M54*J54 -> 15252425 | R54: =+Q54/P54 -> 0.28956565
D55: =+[1]tab!A50 -> 2011 | E55: =+[1]tab!B50 -> 0 | F55: =+[1]tab!C50 -> 0 | G55: =+[1]tab!D50 -> 1262957 | H55: =+[1]tab!E50 -> 2701833.5 | I55: =+[1]tab!F50 -> 2.7 | J55: =+$W$13 -> 468252 | L55: =+H55/G55 -> 2.1392918 | M55: =+I55/G55 -> 2.13784e-06 | N55: =+I55/H55 -> 9.9932139e-07 | P55: =+L55*J55 -> 1001727.6 | Q55: =+M55*J55 -> 1.0010479 | R55: =+Q55/P55 -> 9.9932139e-07
D56: =+[1]tab!A51 -> 2011 | E56: =+[1]tab!B51 -> 13.5 | F56: =+[1]tab!C51 -> 0.05 | G56: =+[1]tab!D51 -> 473487 | H56: =+[1]tab!E51 -> 4524207.4 | I56: =+[1]tab!F51 -> 76500.3 | J56: =+$W$13 -> 468252 | L56: =+H56/G56 -> 9.5550826 | M56: =+I56/G56 -> 0.1615679 | N56: =+I56/H56 -> 0.016909105 | P56: =+L56*J56 -> 4474186.5 | Q56: =+M56*J56 -> 75654.492 | R56: =+Q56/P56 -> 0.016909105
D57: =+[1]tab!A52 -> 2011 | E57: =+[1]tab!B52 -> 30 | F57: =+[1]tab!C52 -> 0.1 | G57: =+[1]tab!D52 -> 217728 | H57: =+[1]tab!E52 -> 3928707 | I57: =+[1]tab!F52 -> 170985.4 | J57: =+$W$13 -> 468252 | L57: =+H57/G57 -> 18.044105 | M57: =+I57/G57 -> 0.78531654 | N57: =+I57/H57 -> 0.043522054 | P57: =+L57*J57 -> 8449188.5 | Q57: =+M57*J57 -> 367726.04 | R57: =+Q57/P57 -> 0.043522054
D58: =+[1]tab!A53 -> 2011 | E58: =+[1]tab!B53 -> 50 | F58: =+[1]tab!C53 -> 0.15 | G58: =+[1]tab!D53 -> 107667 | H58: =+[1]tab!E53 -> 2982155.3 | I58: =+[1]tab!F53 -> 211454.4 | J58: =+$W$13 -> 468252 | L58: =+H58/G58 -> 27.697951 | M58: =+I58/G58 -> 1.9639667 | N58: =+I58/H58 -> 0.070906569 | P58: =+L58*J58 -> 12969621 | Q58: =+M58*J58 -> 919631.32 | R58: =+Q58/P58 -> 0.070906569
D59: =+[1]tab!A54 -> 2011 | E59: =+[1]tab!B54 -> 70 | F59: =+[1]tab!C54 -> 0.25 | G59: =+[1]tab!D54 -> 61206 | H59: =+[1]tab!E54 -> 2263793.2 | I59: =+[1]tab!F54 -> 231182.6 | J59: =+$W$13 -> 468252 | L59: =+H59/G59 -> 36.986459 | M59: =+I59/G59 -> 3.7771232 | N59: =+I59/H59 -> 0.10212178 | P59: =+L59*J59 -> 17318983 | Q59: =+M59*J59 -> 1768645.5 | R59: =+Q59/P59 -> 0.10212178
D60: =+[1]tab!A55 -> 2011 | E60: =+[1]tab!B55 -> 90 | F60: =+[1]tab!C55 -> 0.32 | G60: =+[1]tab!D55 -> 42893 | H60: =+[1]tab!E55 -> 2064349.8 | I60: =+[1]tab!F55 -> 299322.5 | J60: =+$W$13 -> 468252 | L60: =+H60/G60 -> 48.127895 | M60: =+I60/G60 -> 6.9783531 | N60: =+I60/H60 -> 0.14499602 | P60: =+L60*J60 -> 22535983 | Q60: =+M60*J60 -> 3267627.8 | R60: =+Q60/P60 -> 0.14499602
D61: =+[1]tab!A56 -> 2011 | E61: =+[1]tab!B56 -> 120 | F61: =+[1]tab!C56 -> 0.37 | G61: =+[1]tab!D56 -> 17241 | H61: =+[1]tab!E56 -> 1073295.1 | I61: =+[1]tab!F56 -> 203387.7 | J61: =+$W$13 -> 468252 | L61: =+H61/G61 -> 62.252485 | M61: =+I61/G61 -> 11.796746 | N61: =+I61/H61 -> 0.1894984 | P61: =+L61*J61 -> 29149851 | Q61: =+M61*J61 -> 5523850 | R61: =+Q61/P61 -> 0.1894984
D62: =+[1]tab!A57 -> 2011 | E62: =+[1]tab!B57 -> 150 | F62: =+[1]tab!C57 -> 0.4 | G62: =+[1]tab!D57 -> 18120 | H62: =+[1]tab!E57 -> 2254499.3 | I62: =+[1]tab!F57 -> 659760.5 | J62: =+$W$13 -> 468252 | L62: =+H62/G62 -> 124.42049 | M62: =+I62/G62 -> 36.410624 | N62: =+I62/H62 -> 0.2926417 | P62: =+L62*J62 -> 58260144 | Q62: =+M62*J62 -> 17049347 | R62: =+Q62/P62 -> 0.2926417
D63: =+[1]tab!A58 -> 2012 | E63: =+[1]tab!B58 -> 0 | F63: =+[1]tab!C58 -> 0 | G63: =+[1]tab!D58 -> 1415149 | H63: =+[1]tab!E58 -> 3639868.8 | I63: =+[1]tab!F58 -> 1.9 | J63: =+$W$14 -> 482472 | L63: =+H63/G63 -> 2.5720746 | M63: =+I63/G63 -> 1.3426148e-06 | N63: =+I63/H63 -> 5.2199684e-07 | P63: =+L63*J63 -> 1240954 | Q63: =+M63*J63 -> 0.64777405 | R63: =+Q63/P63 -> 5.2199684e-07
D64: =+[1]tab!A59 -> 2012 | E64: =+[1]tab!B59 -> 13.5 | F64: =+[1]tab!C59 -> 0.05 | G64: =+[1]tab!D59 -> 761028 | H64: =+[1]tab!E59 -> 7345256.2 | I64: =+[1]tab!F59 -> 119310.8 | J64: =+$W$14 -> 482472 | L64: =+H64/G64 -> 9.6517555 | M64: =+I64/G64 -> 0.15677583 | N64: =+I64/H64 -> 0.016243246 | P64: =+L64*J64 -> 4656701.8 | Q64: =+M64*J64 -> 75639.951 | R64: =+Q64/P64 -> 0.016243246
D65: =+[1]tab!A60 -> 2012 | E65: =+[1]tab!B60 -> 30 | F65: =+[1]tab!C60 -> 0.1 | G65: =+[1]tab!D60 -> 282625 | H65: =+[1]tab!E60 -> 5230594.7 | I65: =+[1]tab!F60 -> 226274 | J65: =+$W$14 -> 482472 | L65: =+H65/G65 -> 18.50719 | M65: =+I65/G65 -> 0.80061566 | N65: =+I65/H65 -> 0.043259708 | P65: =+L65*J65 -> 8929201.2 | Q65: =+M65*J65 -> 386274.64 | R65: =+Q65/P65 -> 0.043259708
D66: =+[1]tab!A61 -> 2012 | E66: =+[1]tab!B61 -> 50 | F66: =+[1]tab!C61 -> 0.15 | G66: =+[1]tab!D61 -> 127360 | H66: =+[1]tab!E61 -> 3623064.3 | I66: =+[1]tab!F61 -> 255955.3 | J66: =+$W$14 -> 482472 | L66: =+H66/G66 -> 28.447427 | M66: =+I66/G66 -> 2.0096993 | N66: =+I66/H66 -> 0.070646083 | P66: =+L66*J66 -> 13725087 | Q66: =+M66*J66 -> 969623.63 | R66: =+Q66/P66 -> 0.070646083
D67: =+[1]tab!A62 -> 2012 | E67: =+[1]tab!B62 -> 70 | F67: =+[1]tab!C62 -> 0.25 | G67: =+[1]tab!D62 -> 67568 | H67: =+[1]tab!E62 -> 2575328 | I67: =+[1]tab!F62 -> 262995.8 | J67: =+$W$14 -> 482472 | L67: =+H67/G67 -> 38.11461 | M67: =+I67/G67 -> 3.8923129 | N67: =+I67/H67 -> 0.10212128 | P67: =+L67*J67 -> 18389232 | Q67: =+M67*J67 -> 1877932 | R67: =+Q67/P67 -> 0.10212128
D68: =+[1]tab!A63 -> 2012 | E68: =+[1]tab!B63 -> 90 | F68: =+[1]tab!C63 -> 0.32 | G68: =+[1]tab!D63 -> 51652 | H68: =+[1]tab!E63 -> 2570133.7 | I68: =+[1]tab!F63 -> 374196.7 | J68: =+$W$14 -> 482472 | L68: =+H68/G68 -> 49.758648 | M68: =+I68/G68 -> 7.2445733 | N68: =+I68/H68 -> 0.14559425 | P68: =+L68*J68 -> 24007155 | Q68: =+M68*J68 -> 3495303.8 | R68: =+Q68/P68 -> 0.14559425
D69: =+[1]tab!A64 -> 2012 | E69: =+[1]tab!B64 -> 120 | F69: =+[1]tab!C64 -> 0.37 | G69: =+[1]tab!D64 -> 23436 | H69: =+[1]tab!E64 -> 1500001.5 | I69: =+[1]tab!F64 -> 283694.7 | J69: =+$W$14 -> 482472 | L69: =+H69/G69 -> 64.00416 | M69: =+I69/G69 -> 12.105082 | N69: =+I69/H69 -> 0.18912961 | P69: =+L69*J69 -> 30880215 | Q69: =+M69*J69 -> 5840363.1 | R69: =+Q69/P69 -> 0.18912961
D70: =+[1]tab!A65 -> 2012 | E70: =+[1]tab!B65 -> 150 | F70: =+[1]tab!C65 -> 0.4 | G70: =+[1]tab!D65 -> 25139 | H70: =+[1]tab!E65 -> 3097144.8 | I70: =+[1]tab!F65 -> 892014.8 | J70: =+$W$14 -> 482472 | L70: =+H70/G70 -> 123.2008 | M70: =+I70/G70 -> 35.483305 | N70: =+I70/H70 -> 0.28801198 | P70: =+L70*J70 -> 59440934 | Q70: =+M70*J70 -> 17119701 | R70: =+Q70/P70 -> 0.28801198
D71: =+[1]tab!A66 -> 2013 | E71: =+[1]tab!B66 -> 0 | F71: =+[1]tab!C66 -> 0 | G71: =+[1]tab!D66 -> 1396883 | H71: =+[1]tab!E66 -> 3765657.1 | I71: =+[1]tab!F66 -> 2.9 | J71: =+$W$15 -> 489264 | L71: =+H71/G71 -> 2.695757 | M71: =+I71/G71 -> 2.0760508e-06 | N71: =+I71/H71 -> 7.7011792e-07 | P71: =+L71*J71 -> 1318936.8 | Q71: =+M71*J71 -> 1.0157369 | R71: =+Q71/P71 -> 7.7011792e-07
D72: =+[1]tab!A67 -> 2013 | E72: =+[1]tab!B67 -> 13.5 | F72: =+[1]tab!C67 -> 0.04 | G72: =+[1]tab!D67 -> 810612 | H72: =+[1]tab!E67 -> 7946507.8 | I72: =+[1]tab!F67 -> 103613.1 | J72: =+$W$15 -> 489264 | L72: =+H72/G72 -> 9.8030967 | M72: =+I72/G72 -> 0.12782083 | N72: =+I72/H72 -> 0.013038822 | P72: =+L72*J72 -> 4796302.3 | Q72: =+M72*J72 -> 62538.131 | R72: =+Q72/P72 -> 0.013038822
D73: =+[1]tab!A68 -> 2013 | E73: =+[1]tab!B68 -> 30 | F73: =+[1]tab!C68 -> 0.08 | G73: =+[1]tab!D68 -> 304691 | H73: =+[1]tab!E68 -> 5715260 | I73: =+[1]tab!F68 -> 197655.5 | J73: =+$W$15 -> 489264 | L73: =+H73/G73 -> 18.757561 | M73: =+I73/G73 -> 0.64870804 | N73: =+I73/H73 -> 0.034583816 | P73: =+L73*J73 -> 9177399.3 | Q73: =+M73*J73 -> 317389.49 | R73: =+Q73/P73 -> 0.034583816
D74: =+[1]tab!A69 -> 2013 | E74: =+[1]tab!B69 -> 50 | F74: =+[1]tab!C69 -> 0.135 | G74: =+[1]tab!D69 -> 137876 | H74: =+[1]tab!E69 -> 3980175.6 | I74: =+[1]tab!F69 -> 234221 | J74: =+$W$15 -> 489264 | L74: =+H74/G74 -> 28.867791 | M74: =+I74/G74 -> 1.6987801 | N74: =+I74/H74 -> 0.058846901 | P74: =+L74*J74 -> 14123971 | Q74: =+M74*J74 -> 831151.93 | R74: =+Q74/P74 -> 0.058846901
D75: =+[1]tab!A70 -> 2013 | E75: =+[1]tab!B70 -> 70 | F75: =+[1]tab!C70 -> 0.23 | G75: =+[1]tab!D70 -> 75989 | H75: =+[1]tab!E70 -> 2935712.8 | I75: =+[1]tab!F70 -> 260795.2 | J75: =+$W$15 -> 489264 | L75: =+H75/G75 -> 38.633392 | M75: =+I75/G75 -> 3.4320125 | N75: =+I75/H75 -> 0.088835393 | P75: =+L75*J75 -> 18901928 | Q75: =+M75*J75 -> 1679160.2 | R75: =+Q75/P75 -> 0.088835393
D76: =+[1]tab!A71 -> 2013 | E76: =+[1]tab!B71 -> 90 | F76: =+[1]tab!C71 -> 0.304 | G76: =+[1]tab!D71 -> 56981 | H76: =+[1]tab!E71 -> 2870978.1 | I76: =+[1]tab!F71 -> 376223.2 | J76: =+$W$15 -> 489264 | L76: =+H76/G76 -> 50.384832 | M76: =+I76/G76 -> 6.6026079 | N76: =+I76/H76 -> 0.13104356 | P76: =+L76*J76 -> 24651484 | Q76: =+M76*J76 -> 3230418.3 | R76: =+Q76/P76 -> 0.13104356
D77: =+[1]tab!A72 -> 2013 | E77: =+[1]tab!B72 -> 120 | F77: =+[1]tab!C72 -> 0.355 | G77: =+[1]tab!D72 -> 23951 | H77: =+[1]tab!E72 -> 1556331.6 | I77: =+[1]tab!F72 -> 271938.4 | J77: =+$W$15 -> 489264 | L77: =+H77/G77 -> 64.979817 | M77: =+I77/G77 -> 11.353948 | N77: =+I77/H77 -> 0.17473037 | P77: =+L77*J77 -> 31792285 | Q77: =+M77*J77 -> 5555077.8 | R77: =+Q77/P77 -> 0.17473037
D78: =+[1]tab!A73 -> 2013 | E78: =+[1]tab!B73 -> 150 | F78: =+[1]tab!C73 -> 0.4 | G78: =+[1]tab!D73 -> 27866 | H78: =+[1]tab!E73 -> 3483073.2 | I78: =+[1]tab!F73 -> 974206.4 | J78: =+$W$15 -> 489264 | L78: =+H78/G78 -> 124.99366 | M78: =+I78/G78 -> 34.960396 | N78: =+I78/H78 -> 0.27969737 | P78: =+L78*J78 -> 61154896 | Q78: =+M78*J78 -> 17104863 | R78: =+Q78/P78 -> 0.27969737
D79: =+[1]tab!A74 -> 2014 | E79: =+[1]tab!B74 -> 0 | F79: =+[1]tab!C74 -> 0 | G79: =+[1]tab!D74 -> 1405059 | H79: =+[1]tab!E74 -> 4106106.5 | I79: =+[1]tab!F74 -> 2.4 | J79: =+$W$16 -> 518376 | L79: =+H79/G79 -> 2.922373 | M79: =+I79/G79 -> 1.7081133e-06 | N79: =+I79/H79 -> 5.8449531e-07 | P79: =+L79*J79 -> 1514888 | Q79: =+M79*J79 -> 0.88544495 | R79: =+Q79/P79 -> 5.8449531e-07
D80: =+[1]tab!A75 -> 2014 | E80: =+[1]tab!B75 -> 13.5 | F80: =+[1]tab!C75 -> 0.04 | G80: =+[1]tab!D75 -> 900454 | H80: =+[1]tab!E75 -> 9333963.3 | I80: =+[1]tab!F75 -> 121234.9 | J80: =+$W$16 -> 518376 | L80: =+H80/G80 -> 10.365841 | M80: =+I80/G80 -> 0.13463753 | N80: =+I80/H80 -> 0.012988577 | P80: =+L80*J80 -> 5373403.4 | Q80: =+M80*J80 -> 69792.863 | R80: =+Q80/P80 -> 0.012988577
D81: =+[1]tab!A76 -> 2014 | E81: =+[1]tab!B76 -> 30 | F81: =+[1]tab!C76 -> 0.08 | G81: =+[1]tab!D76 -> 325043 | H81: =+[1]tab!E76 -> 6452698.7 | I81: =+[1]tab!F76 -> 222938.4 | J81: =+$W$16 -> 518376 | L81: =+H81/G81 -> 19.851831 | M81: =+I81/G81 -> 0.68587356 | N81: =+I81/H81 -> 0.034549637 | P81: =+L81*J81 -> 10290713 | Q81: =+M81*J81 -> 355540.39 | R81: =+Q81/P81 -> 0.034549637
D82: =+[1]tab!A77 -> 2014 | E82: =+[1]tab!B77 -> 50 | F82: =+[1]tab!C77 -> 0.135 | G82: =+[1]tab!D77 -> 144018 | H82: =+[1]tab!E77 -> 4405163.2 | I82: =+[1]tab!F77 -> 259396 | J82: =+$W$16 -> 518376 | L82: =+H82/G82 -> 30.587588 | M82: =+I82/G82 -> 1.801136 | N82: =+I82/H82 -> 0.058884538 | P82: =+L82*J82 -> 15855871 | Q82: =+M82*J82 -> 933665.66 | R82: =+Q82/P82 -> 0.058884538
D83: =+[1]tab!A78 -> 2014 | E83: =+[1]tab!B78 -> 70 | F83: =+[1]tab!C78 -> 0.23 | G83: =+[1]tab!D78 -> 80133 | H83: =+[1]tab!E78 -> 3280222.7 | I83: =+[1]tab!F78 -> 291563.3 | J83: =+$W$16 -> 518376 | L83: =+H83/G83 -> 40.93473 | M83: =+I83/G83 -> 3.6384923 | N83: =+I83/H83 -> 0.088885215 | P83: =+L83*J83 -> 21219581 | Q83: =+M83*J83 -> 1886107.1 | R83: =+Q83/P83 -> 0.088885215
D84: =+[1]tab!A79 -> 2014 | E84: =+[1]tab!B79 -> 90 | F84: =+[1]tab!C79 -> 0.304 | G84: =+[1]tab!D79 -> 59765 | H84: =+[1]tab!E79 -> 3191610.3 | I84: =+[1]tab!F79 -> 418616.5 | J84: =+$W$16 -> 518376 | L84: =+H84/G84 -> 53.402665 | M84: =+I84/G84 -> 7.0043755 | N84: =+I84/H84 -> 0.13116153 | P84: =+L84*J84 -> 27682660 | Q84: =+M84*J84 -> 3630900.1 | R84: =+Q84/P84 -> 0.13116153
D85: =+[1]tab!A80 -> 2014 | E85: =+[1]tab!B80 -> 120 | F85: =+[1]tab!C80 -> 0.355 | G85: =+[1]tab!D80 -> 26554 | H85: =+[1]tab!E80 -> 1831610.7 | I85: =+[1]tab!F80 -> 320832 | J85: =+$W$16 -> 518376 | L85: =+H85/G85 -> 68.976828 | M85: =+I85/G85 -> 12.082247 | N85: =+I85/H85 -> 0.17516386 | P85: =+L85*J85 -> 35755932 | Q85: =+M85*J85 -> 6263147.1 | R85: =+Q85/P85 -> 0.17516386
D86: =+[1]tab!A81 -> 2014 | E86: =+[1]tab!B81 -> 150 | F86: =+[1]tab!C81 -> 0.4 | G86: =+[1]tab!D81 -> 34493 | H86: =+[1]tab!E81 -> 4591691.7 | I86: =+[1]tab!F81 -> 1287584.6 | J86: =+$W$16 -> 518376 | L86: =+H86/G86 -> 133.11952 | M86: =+I86/G86 -> 37.328867 | N86: =+I86/H86 -> 0.28041617 | P86: =+L86*J86 -> 69005966 | Q86: =+M86*J86 -> 19350389 | R86: =+Q86/P86 -> 0.28041617
D87: =+[1]tab!A82 -> 2015 | E87: =+[1]tab!B82 -> 0 | F87: =+[1]tab!C82 -> 0 | G87: =+[1]tab!D82 -> 1457765 | H87: =+[1]tab!E82 -> 4406525.8 | I87: =+[1]tab!F82 -> 3.2 | J87: =+$W$17 -> 539460 | L87: =+H87/G87 -> 3.0227957 | M87: =+I87/G87 -> 2.1951412e-06 | N87: =+I87/H87 -> 7.2619568e-07 | P87: =+L87*J87 -> 1630677.4 | Q87: =+M87*J87 -> 1.1841909 | R87: =+Q87/P87 -> 7.2619568e-07
D88: =+[1]tab!A83 -> 2015 | E88: =+[1]tab!B83 -> 13.5 | F88: =+[1]tab!C83 -> 0.04 | G88: =+[1]tab!D83 -> 950010 | H88: =+[1]tab!E83 -> 10236342 | I88: =+[1]tab!F83 -> 132648.2 | J88: =+$W$17 -> 539460 | L88: =+H88/G88 -> 10.774984 | M88: =+I88/G88 -> 0.13962821 | N88: =+I88/H88 -> 0.012958555 | P88: =+L88*J88 -> 5812672.7 | Q88: =+M88*J88 -> 75323.837 | R88: =+Q88/P88 -> 0.012958555
D89: =+[1]tab!A84 -> 2015 | E89: =+[1]tab!B84 -> 30 | F89: =+[1]tab!C84 -> 0.08 | G89: =+[1]tab!D84 -> 342790 | H89: =+[1]tab!E84 -> 7073844.1 | I89: =+[1]tab!F84 -> 244056.3 | J89: =+$W$17 -> 539460 | L89: =+H89/G89 -> 20.636087 | M89: =+I89/G89 -> 0.7119703 | N89: =+I89/H89 -> 0.034501227 | P89: =+L89*J89 -> 11132343 | Q89: =+M89*J89 -> 384079.5 | R89: =+Q89/P89 -> 0.034501227
D90: =+[1]tab!A85 -> 2015 | E90: =+[1]tab!B85 -> 50 | F90: =+[1]tab!C85 -> 0.135 | G90: =+[1]tab!D85 -> 150227 | H90: =+[1]tab!E85 -> 4778642 | I90: =+[1]tab!F85 -> 281146.1 | J90: =+$W$17 -> 539460 | L90: =+H90/G90 -> 31.809475 | M90: =+I90/G90 -> 1.8714752 | N90: =+I90/H90 -> 0.05883389 | P90: =+L90*J90 -> 17159939 | Q90: =+M90*J90 -> 1009586 | R90: =+Q90/P90 -> 0.05883389
D91: =+[1]tab!A86 -> 2015 | E91: =+[1]tab!B86 -> 70 | F91: =+[1]tab!C86 -> 0.23 | G91: =+[1]tab!D86 -> 82177 | H91: =+[1]tab!E86 -> 3497313.4 | I91: =+[1]tab!F86 -> 310394.4 | J91: =+$W$17 -> 539460 | L91: =+H91/G91 -> 42.5583 | M91: =+I91/G91 -> 3.7771445 | N91: =+I91/H91 -> 0.088752241 | P91: =+L91*J91 -> 22958500 | Q91: =+M91*J91 -> 2037618.3 | R91: =+Q91/P91 -> 0.088752241
D92: =+[1]tab!A87 -> 2015 | E92: =+[1]tab!B87 -> 90 | F92: =+[1]tab!C87 -> 0.304 | G92: =+[1]tab!D87 -> 59979 | H92: =+[1]tab!E87 -> 3338208.5 | I92: =+[1]tab!F87 -> 438696.8 | J92: =+$W$17 -> 539460 | L92: =+H92/G92 -> 55.656288 | M92: =+I92/G92 -> 7.3141733 | N92: =+I92/H92 -> 0.13141684 | P92: =+L92*J92 -> 30024341 | Q92: =+M92*J92 -> 3945703.9 | R92: =+Q92/P92 -> 0.13141684
D93: =+[1]tab!A88 -> 2015 | E93: =+[1]tab!B88 -> 120 | F93: =+[1]tab!C88 -> 0.355 | G93: =+[1]tab!D88 -> 29026 | H93: =+[1]tab!E88 -> 2085191.1 | I93: =+[1]tab!F88 -> 365576.8 | J93: =+$W$17 -> 539460 | L93: =+H93/G93 -> 71.838734 | M93: =+I93/G93 -> 12.594805 | N93: =+I93/H93 -> 0.17532053 | P93: =+L93*J93 -> 38754124 | Q93: =+M93*J93 -> 6794393.3 | R93: =+Q93/P93 -> 0.17532053
D94: =+[1]tab!A89 -> 2015 | E94: =+[1]tab!B89 -> 150 | F94: =+[1]tab!C89 -> 0.4 | G94: =+[1]tab!D89 -> 38149 | H94: =+[1]tab!E89 -> 5428439.7 | I94: =+[1]tab!F89 -> 1539710.6 | J94: =+$W$17 -> 539460 | L94: =+H94/G94 -> 142.29573 | M94: =+I94/G94 -> 40.360445 | N94: =+I94/H94 -> 0.28363778 | P94: =+L94*J94 -> 76762853 | Q94: =+M94*J94 -> 21772845 | R94: =+Q94/P94 -> 0.28363778
D95: =+[1]tab!A90 -> 2016 | E95: =+[1]tab!B90 -> 0 | F95: =+[1]tab!C90 -> 0 | G95: =+[1]tab!D90 -> 1516418 | H95: =+[1]tab!E90 -> 4689277.1 | I95: =+[1]tab!F90 -> 0 | J95: =+$W$18 -> 554196 | L95: =+H95/G95 -> 3.0923381 | M95: =+I95/G95 -> 0 | N95: =+I95/H95 -> 0 | P95: =+L95*J95 -> 1713761.4 | Q95: =+M95*J95 -> 0 | R95: =+Q95/P95 -> 0
D96: =+[1]tab!A91 -> 2016 | E96: =+[1]tab!B91 -> 13.5 | F96: =+[1]tab!C91 -> 0.04 | G96: =+[1]tab!D91 -> 969059 | H96: =+[1]tab!E91 -> 10724815 | I96: =+[1]tab!F91 -> 138928.5 | J96: =+$W$18 -> 554196 | L96: =+H96/G96 -> 11.067247 | M96: =+I96/G96 -> 0.14336434 | N96: =+I96/H96 -> 0.012953929 | P96: =+L96*J96 -> 6133424.1 | Q96: =+M96*J96 -> 79451.942 | R96: =+Q96/P96 -> 0.012953929
D97: =+[1]tab!A92 -> 2016 | E97: =+[1]tab!B92 -> 30 | F97: =+[1]tab!C92 -> 0.08 | G97: =+[1]tab!D92 -> 352980 | H97: =+[1]tab!E92 -> 7485186.6 | I97: =+[1]tab!F92 -> 258359.1 | J97: =+$W$18 -> 554196 | L97: =+H97/G97 -> 21.205696 | M97: =+I97/G97 -> 0.73193694 | N97: =+I97/H97 -> 0.034516053 | P97: =+L97*J97 -> 11752112 | Q97: =+M97*J97 -> 405636.52 | R97: =+Q97/P97 -> 0.034516053
D98: =+[1]tab!A93 -> 2016 | E98: =+[1]tab!B93 -> 50 | F98: =+[1]tab!C93 -> 0.135 | G98: =+[1]tab!D93 -> 151884 | H98: =+[1]tab!E93 -> 4961831 | I98: =+[1]tab!F93 -> 291817.3 | J98: =+$W$18 -> 554196 | L98: =+H98/G98 -> 32.668556 | M98: =+I98/G98 -> 1.9213169 | N98: =+I98/H98 -> 0.058812422 | P98: =+L98*J98 -> 18104783 | Q98: =+M98*J98 -> 1064786.2 | R98: =+Q98/P98 -> 0.058812422
D99: =+[1]tab!A94 -> 2016 | E99: =+[1]tab!B94 -> 70 | F99: =+[1]tab!C94 -> 0.23 | G99: =+[1]tab!D94 -> 82939 | H99: =+[1]tab!E94 -> 3632569 | I99: =+[1]tab!F94 -> 323309.1 | J99: =+$W$18 -> 554196 | L99: =+H99/G99 -> 43.798081 | M99: =+I99/G99 -> 3.8981553 | N99: =+I99/H99 -> 0.089002879 | P99: =+L99*J99 -> 24272721 | Q99: =+M99*J99 -> 2160342.1 | R99: =+Q99/P99 -> 0.089002879
D100: =+[1]tab!A95 -> 2016 | E100: =+[1]tab!B95 -> 90 | F100: =+[1]tab!C95 -> 0.304 | G100: =+[1]tab!D95 -> 62366 | H100: =+[1]tab!E95 -> 3566390 | I100: =+[1]tab!F95 -> 468820.1 | J100: =+$W$18 -> 554196 | L100: =+H100/G100 -> 57.184844 | M100: =+I100/G100 -> 7.5172386 | N100: =+I100/H100 -> 0.13145508 | P100: =+L100*J100 -> 31691612 | Q100: =+M100*J100 -> 4166023.5 | R100: =+Q100/P100 -> 0.13145508
D101: =+[1]tab!A96 -> 2016 | E101: =+[1]tab!B96 -> 120 | F101: =+[1]tab!C96 -> 0.355 | G101: =+[1]tab!D96 -> 29566 | H101: =+[1]tab!E96 -> 2182335 | I101: =+[1]tab!F96 -> 382619.4 | J101: =+$W$18 -> 554196 | L101: =+H101/G101 -> 73.812318 | M101: =+I101/G101 -> 12.941196 | N101: =+I101/H101 -> 0.17532569 | P101: =+L101*J101 -> 40906491 | Q101: =+M101*J101 -> 7171959 | R101: =+Q101/P101 -> 0.17532569
D102: =+[1]tab!A97 -> 2016 | E102: =+[1]tab!B97 -> 150 | F102: =+[1]tab!C97 -> 0.4 | G102: =+[1]tab!D97 -> 39363 | H102: =+[1]tab!E97 -> 5674856 | I102: =+[1]tab!F97 -> 1597836 | J102: =+$W$18 -> 554196 | L102: =+H102/G102 -> 144.16726 | M102: =+I102/G102 -> 40.592333 | N102: =+I102/H102 -> 0.28156415 | P102: =+L102*J102 -> 79896921 | Q102: =+M102*J102 -> 22496109 | R102: =+Q102/P102 -> 0.28156415
D103: =+[1]tab!A98 -> 2017 | E103: =+[1]tab!B98 -> 0 | F103: =+[1]tab!C98 -> 0 | G103: =+[1]tab!D98 -> 1758148 | H103: =+[1]tab!E98 -> 5439018.5 | I103: =+[1]tab!F98 -> 2.3 | J103: =+$W$19 -> 563664 | L103: =+H103/G103 -> 3.0936067 | M103: =+I103/G103 -> 1.3081948e-06 | N103: =+I103/H103 -> 4.2287041e-07 | P103: =+L103*J103 -> 1743754.7 | Q103: =+M103*J103 -> 0.73738229 | R103: =+Q103/P103 -> 4.2287041e-07
D104: =+[1]tab!A99 -> 2017 | E104: =+[1]tab!B99 -> 13.5 | F104: =+[1]tab!C99 -> 0.04 | G104: =+[1]tab!D99 -> 984096 | H104: =+[1]tab!E99 -> 11112148 | I104: =+[1]tab!F99 -> 144895.8 | J104: =+$W$19 -> 563664 | L104: =+H104/G104 -> 11.291732 | M104: =+I104/G104 -> 0.14723746 | N104: =+I104/H104 -> 0.013039405 | P104: =+L104*J104 -> 6364742.7 | Q104: =+M104*J104 -> 82992.458 | R104: =+Q104/P104 -> 0.013039405
...

Sheet 2005
B2: =+Summary!P6 -> Average income | C2: =+Summary!Q6 -> Average tax | D2: =+Summary!R6 -> Average tax rate
B3: =+Summary!P7 -> 587578.87 | C3: =+Summary!Q7 -> 0.12765738 | D3: =+Summary!R7 -> 2.1725999e-07
B4: =+Summary!P8 -> 2907882.6 | C4: =+Summary!Q8 -> 48473.768 | D4: =+Summary!R8 -> 0.016669782
B5: =+Summary!P9 -> 5521804.1 | C5: =+Summary!Q9 -> 239868.66 | D5: =+Summary!R9 -> 0.04344027
B6: =+Summary!P10 -> 8474067.5 | C6: =+Summary!Q10 -> 599778.78 | D6: =+Summary!R10 -> 0.070778146
B7: =+Summary!P11 -> 11332228 | C7: =+Summary!Q11 -> 1156503.4 | D7: =+Summary!R11 -> 0.10205437
B8: =+Summary!P12 -> 14743277 | C8: =+Summary!Q12 -> 2136515.7 | D8: =+Summary!R12 -> 0.14491457
B9: =+Summary!P13 -> 19065951 | C9: =+Summary!Q13 -> 3610968.2 | D9: =+Summary!R13 -> 0.18939355
B10: =+Summary!P14 -> 38166362 | C10: =+Summary!Q14 -> 11165167 | D10: =+Summary!R14 -> 0.29253946

Sheet 2006
B2: =+Summary!P6 -> Average income | C2: =+Summary!Q6 -> Average tax | D2: =+Summary!R6 -> Average tax rate
B3: =+Summary!P15 -> 626174.23 | C3: =+Summary!Q15 -> 0.96565452 | D3: =+Summary!R15 -> 1.5421499e-06
B4: =+Summary!P16 -> 3029206.6 | C4: =+Summary!Q16 -> 50615.449 | D4: =+Summary!R16 -> 0.016709144
B5: =+Summary!P17 -> 5746375.2 | C5: =+Summary!Q17 -> 249678.66 | D5: =+Summary!R17 -> 0.043449767
B6: =+Summary!P18 -> 8839472.9 | C6: =+Summary!Q18 -> 627328.93 | D6: =+Summary!R18 -> 0.070969043
B7: =+Summary!P19 -> 11794999 | C7: =+Summary!Q19 -> 1204311.9 | D7: =+Summary!R19 -> 0.10210361
B8: =+Summary!P20 -> 15306823 | C8: =+Summary!Q20 -> 2212339.9 | D8: =+Summary!R20 -> 0.14453292
B9: =+Summary!P21 -> 19847207 | C9: =+Summary!Q21 -> 3759009.9 | D9: =+Summary!R21 -> 0.18939742
B10: =+Summary!P22 -> 39743577 | C10: =+Summary!Q22 -> 11607361 | D10: =+Summary!R22 -> 0.29205627

Sheet 2007
B2: =+Summary!P6 -> Average income | C2: =+Summary!Q6 -> Average tax | D2: =+Summary!R6 -> Average tax rate
B3: =+Summary!P23 -> 726693.3 | C3: =+Summary!Q23 -> 0.4846798 | D3: =+Summary!R23 -> 6.669661e-07
B4: =+Summary!P24 -> 3422988.1 | C4: =+Summary!Q24 -> 57282.515 | D4: =+Summary!R24 -> 0.016734652
B5: =+Summary!P25 -> 6508338.9 | C5: =+Summary!Q25 -> 283902.33 | D5: =+Summary!R25 -> 0.04362132
B6: =+Summary!P26 -> 9963902.4 | C6: =+Summary!Q26 -> 705885 | D6: =+Summary!R26 -> 0.070844231
B7: =+Summary!P27 -> 13301825 | C7: =+Summary!Q27 -> 1355925.6 | D7: =+Summary!R27 -> 0.10193531
B8: =+Summary!P28 -> 17312156 | C8: =+Summary!Q28 -> 2507243 | D8: =+Summary!R28 -> 0.14482558
B9: =+Summary!P29 -> 22454024 | C9: =+Summary!Q29 -> 4263149.9 | D9: =+Summary!R29 -> 0.18986129
B10: =+Summary!P30 -> 44382785 | C10: =+Summary!Q30 -> 12938146 | D10: =+Summary!R30 -> 0.29151272

Sheet 2008
B2: =+Summary!P6 -> Average income | C2: =+Summary!Q6 -> Average tax | D2: =+Summary!R6 -> Average tax rate
B3: =+Summary!P31 -> 895688.32 | C3: =+Summary!Q31 -> 0.29930221 | D3: =+Summary!R31 -> 3.3415889e-07
B4: =+Summary!P32 -> 4136279 | C4: =+Summary!Q32 -> 68968.063 | D4: =+Summary!R32 -> 0.016673939
B5: =+Summary!P33 -> 7874124.6 | C5: =+Summary!Q33 -> 343176.61 | D5: =+Summary!R33 -> 0.043582827
B6: =+Summary!P34 -> 12038267 | C6: =+Summary!Q34 -> 850851.65 | D6: =+Summary!R34 -> 0.070678912
B7: =+Summary!P35 -> 16091682 | C7: =+Summary!Q35 -> 1638065.6 | D7: =+Summary!R35 -> 0.1017958
B8: =+Summary!P36 -> 20941448 | C8: =+Summary!Q36 -> 3029296.6 | D8: =+Summary!R36 -> 0.14465555
B9: =+Summary!P37 -> 27145823 | C9: =+Summary!Q37 -> 5144796.5 | D9: =+Summary!R37 -> 0.18952442
B10: =+Summary!P38 -> 54707213 | C10: =+Summary!Q38 -> 16053137 | D10: =+Summary!R38 -> 0.29343731

Sheet 2009
B2: =+Summary!P6 -> Average income | C2: =+Summary!Q6 -> Average tax | D2: =+Summary!R6 -> Average tax rate
B3: =+Summary!P39 -> 856691.49 | C3: =+Summary!Q39 -> 0.80324937 | D3: =+Summary!R39 -> 9.3761801e-07
B4: =+Summary!P40 -> 3973889.5 | C4: =+Summary!Q40 -> 66567.728 | D4: =+Summary!R40 -> 0.016751278
B5: =+Summary!P41 -> 7549494.6 | C5: =+Summary!Q41 -> 329136.94 | D5: =+Summary!R41 -> 0.043597215
B6: =+Summary!P42 -> 11563313 | C6: =+Summary!Q42 -> 819243.97 | D6: =+Summary!R42 -> 0.070848551
B7: =+Summary!P43 -> 15457363 | C7: =+Summary!Q43 -> 1578722.4 | D7: =+Summary!R43 -> 0.10213401
B8: =+Summary!P44 -> 20074134 | C8: =+Summary!Q44 -> 2904137.9 | D8: =+Summary!R44 -> 0.14467064
B9: =+Summary!P45 -> 25974937 | C9: =+Summary!Q45 -> 4916570.1 | D9: =+Summary!R45 -> 0.18928131
B10: =+Summary!P46 -> 50560187 | C10: =+Summary!Q46 -> 14641307 | D10: =+Summary!R46 -> 0.28958175

Sheet 2010
B2: =+Summary!P6 -> Average income | C2: =+Summary!Q6 -> Average tax | D2: =+Summary!R6 -> Average tax rate
B3: =+Summary!P47 -> 908234 | C3: =+Summary!Q47 -> 0.14632058 | D3: =+Summary!R47 -> 1.611045e-07
B4: =+Summary!P48 -> 4152906.9 | C4: =+Summary!Q48 -> 70134.241 | D4: =+Summary!R48 -> 0.016887988
B5: =+Summary!P49 -> 7863404.2 | C5: =+Summary!Q49 -> 343206.63 | D5: =+Summary!R49 -> 0.043646063
B6: =+Summary!P50 -> 12037986 | C6: =+Summary!Q50 -> 853016.24 | D6: =+Summary!R50 -> 0.070860377
B7: =+Summary!P51 -> 16108444 | C7: =+Summary!Q51 -> 1648253.7 | D7: =+Summary!R51 -> 0.10232234
B8: =+Summary!P52 -> 20932104 | C8: =+Summary!Q52 -> 3035513.7 | D8: =+Summary!R52 -> 0.14501713
B9: =+Summary!P53 -> 27024843 | C9: =+Summary!Q53 -> 5112477.7 | D9: =+Summary!R53 -> 0.18917696
B10: =+Summary!P54 -> 52673462 | C10: =+Summary!Q54 -> 15252425 | D10: =+Summary!R54 -> 0.28956565

Sheet 2011
B2: =+Summary!P6 -> Average income | C2: =+Summary!Q6 -> Average tax | D2: =+Summary!R6 -> Average tax rate
B3: =+Summary!P55 -> 1001727.6 | C3: =+Summary!Q55 -> 1.0010479 | D3: =+Summary!R55 -> 9.9932139e-07
B4: =+Summary!P56 -> 4474186.5 | C4: =+Summary!Q56 -> 75654.492 | D4: =+Summary!R56 -> 0.016909105
B5: =+Summary!P57 -> 8449188.5 | C5: =+Summary!Q57 -> 367726.04 | D5: =+Summary!R57 -> 0.043522054
B6: =+Summary!P58 -> 12969621 | C6: =+Summary!Q58 -> 919631.32 | D6: =+Summary!R58 -> 0.070906569
B7: =+Summary!P59 -> 17318983 | C7: =+Summary!Q59 -> 1768645.5 | D7: =+Summary!R59 -> 0.10212178
B8: =+Summary!P60 -> 22535983 | C8: =+Summary!Q60 -> 3267627.8 | D8: =+Summary!R60 -> 0.14499602
B9: =+Summary!P61 -> 29149851 | C9: =+Summary!Q61 -> 5523850 | D9: =+Summary!R61 -> 0.1894984
B10: =+Summary!P62 -> 58260144 | C10: =+Summary!Q62 -> 17049347 | D10: =+Summary!R62 -> 0.2926417

Sheet 2012
B2: =+Summary!P6 -> Average income | C2: =+Summary!Q6 -> Average tax | D2: =+Summary!R6 -> Average tax rate
B3: =+Summary!P63 -> 1240954 | C3: =+Summary!Q63 -> 0.64777405 | D3: =+Summary!R63 -> 5.2199684e-07
B4: =+Summary!P64 -> 4656701.8 | C4: =+Summary!Q64 -> 75639.951 | D4: =+Summary!R64 -> 0.016243246
B5: =+Summary!P65 -> 8929201.2 | C5: =+Summary!Q65 -> 386274.64 | D5: =+Summary!R65 -> 0.043259708
B6: =+Summary!P66 -> 13725087 | C6: =+Summary!Q66 -> 969623.63 | D6: =+Summary!R66 -> 0.070646083
B7: =+Summary!P67 -> 18389232 | C7: =+Summary!Q67 -> 1877932 | D7: =+Summary!R67 -> 0.10212128
B8: =+Summary!P68 -> 24007155 | C8: =+Summary!Q68 -> 3495303.8 | D8: =+Summary!R68 -> 0.14559425
B9: =+Summary!P69 -> 30880215 | C9: =+Summary!Q69 -> 5840363.1 | D9: =+Summary!R69 -> 0.18912961
B10: =+Summary!P70 -> 59440934 | C10: =+Summary!Q70 -> 17119701 | D10: =+Summary!R70 -> 0.28801198

Sheet 2013
B2: =+Summary!P6 -> Average income | C2: =+Summary!Q6 -> Average tax | D2: =+Summary!R6 -> Average tax rate
B3: =+Summary!P71 -> 1318936.8 | C3: =+Summary!Q71 -> 1.0157369 | D3: =+Summary!R71 -> 7.7011792e-07
B4: =+Summary!P72 -> 4796302.3 | C4: =+Summary!Q72 -> 62538.131 | D4: =+Summary!R72 -> 0.013038822
B5: =+Summary!P73 -> 9177399.3 | C5: =+Summary!Q73 -> 317389.49 | D5: =+Summary!R73 -> 0.034583816
B6: =+Summary!P74 -> 14123971 | C6: =+Summary!Q74 -> 831151.93 | D6: =+Summary!R74 -> 0.058846901
B7: =+Summary!P75 -> 18901928 | C7: =+Summary!Q75 -> 1679160.2 | D7: =+Summary!R75 -> 0.088835393
B8: =+Summary!P76 -> 24651484 | C8: =+Summary!Q76 -> 3230418.3 | D8: =+Summary!R76 -> 0.13104356
B9: =+Summary!P77 -> 31792285 | C9: =+Summary!Q77 -> 5555077.8 | D9: =+Summary!R77 -> 0.17473037
B10: =+Summary!P78 -> 61154896 | C10: =+Summary!Q78 -> 17104863 | D10: =+Summary!R78 -> 0.27969737

Sheet 2014
B2: =+Summary!P6 -> Average income | C2: =+Summary!Q6 -> Average tax | D2: =+Summary!R6 -> Average tax rate
B3: =+Summary!P79 -> 1514888 | C3: =+Summary!Q79 -> 0.88544495 | D3: =+Summary!R79 -> 5.8449531e-07
B4: =+Summary!P80 -> 5373403.4 | C4: =+Summary!Q80 -> 69792.863 | D4: =+Summary!R80 -> 0.012988577
B5: =+Summary!P81 -> 10290713 | C5: =+Summary!Q81 -> 355540.39 | D5: =+Summary!R81 -> 0.034549637
B6: =+Summary!P82 -> 15855871 | C6: =+Summary!Q82 -> 933665.66 | D6: =+Summary!R82 -> 0.058884538
B7: =+Summary!P83 -> 21219581 | C7: =+Summary!Q83 -> 1886107.1 | D7: =+Summary!R83 -> 0.088885215
B8: =+Summary!P84 -> 27682660 | C8: =+Summary!Q84 -> 3630900.1 | D8: =+Summary!R84 -> 0.13116153
B9: =+Summary!P85 -> 35755932 | C9: =+Summary!Q85 -> 6263147.1 | D9: =+Summary!R85 -> 0.17516386
B10: =+Summary!P86 -> 69005966 | C10: =+Summary!Q86 -> 19350389 | D10: =+Summary!R86 -> 0.28041617

Sheet 2015
B2: =+Summary!P6 -> Average income | C2: =+Summary!Q6 -> Average tax | D2: =+Summary!R6 -> Average tax rate
B3: =+Summary!P87 -> 1630677.4 | C3: =+Summary!Q87 -> 1.1841909 | D3: =+Summary!R87 -> 7.2619568e-07
B4: =+Summary!P88 -> 5812672.7 | C4: =+Summary!Q88 -> 75323.837 | D4: =+Summary!R88 -> 0.012958555
B5: =+Summary!P89 -> 11132343 | C5: =+Summary!Q89 -> 384079.5 | D5: =+Summary!R89 -> 0.034501227
B6: =+Summary!P90 -> 17159939 | C6: =+Summary!Q90 -> 1009586 | D6: =+Summary!R90 -> 0.05883389
B7: =+Summary!P91 -> 22958500 | C7: =+Summary!Q91 -> 2037618.3 | D7: =+Summary!R91 -> 0.088752241
B8: =+Summary!P92 -> 30024341 | C8: =+Summary!Q92 -> 3945703.9 | D8: =+Summary!R92 -> 0.13141684
B9: =+Summary!P93 -> 38754124 | C9: =+Summary!Q93 -> 6794393.3 | D9: =+Summary!R93 -> 0.17532053
B10: =+Summary!P94 -> 76762853 | C10: =+Summary!Q94 -> 21772845 | D10: =+Summary!R94 -> 0.28363778

Sheet 2016
B2: =+Summary!P6 -> Average income | C2: =+Summary!Q6 -> Average tax | D2: =+Summary!R6 -> Average tax rate
B3: =+Summary!P95 -> 1713761.4 | C3: =+Summary!Q95 -> 0 | D3: =+Summary!R95 -> 0
B4: =+Summary!P96 -> 6133424.1 | C4: =+Summary!Q96 -> 79451.942 | D4: =+Summary!R96 -> 0.012953929
B5: =+Summary!P97 -> 11752112 | C5: =+Summary!Q97 -> 405636.52 | D5: =+Summary!R97 -> 0.034516053
B6: =+Summary!P98 -> 18104783 | C6: =+Summary!Q98 -> 1064786.2 | D6: =+Summary!R98 -> 0.058812422
B7: =+Summary!P99 -> 24272721 | C7: =+Summary!Q99 -> 2160342.1 | D7: =+Summary!R99 -> 0.089002879
B8: =+Summary!P100 -> 31691612 | C8: =+Summary!Q100 -> 4166023.5 | D8: =+Summary!R100 -> 0.13145508
B9: =+Summary!P101 -> 40906491 | C9: =+Summary!Q101 -> 7171959 | D9: =+Summary!R101 -> 0.17532569
B10: =+Summary!P102 -> 79896921 | C10: =+Summary!Q102 -> 22496109 | D10: =+Summary!R102 -> 0.28156415

Sheet 2017
B2: =+Summary!P6 -> Average income | C2: =+Summary!Q6 -> Average tax | D2: =+Summary!R6 -> Average tax rate
B3: =+Summary!P103 -> 1743754.7 | C3: =+Summary!Q103 -> 0.73738229 | D3: =+Summary!R103 -> 4.2287041e-07
B4: =+Summary!P104 -> 6364742.7 | C4: =+Summary!Q104 -> 82992.458 | D4: =+Summary!R104 -> 0.013039405
B5: =+Summary!P105 -> 12146820 | C5: =+Summary!Q105 -> 418805.96 | D5: =+Summary!R105 -> 0.03447865
B6: =+Summary!P106 -> 18689797 | C6: =+Summary!Q106 -> 1096231.6 | D6: =+Summary!R106 -> 0.058654011
B7: =+Summary!P107 -> 25093858 | C7: =+Summary!Q107 -> 2231608.5 | D7: =+Summary!R107 -> 0.088930465
B8: =+Summary!P108 -> 32803146 | C8: =+Summary!Q108 -> 4315261.2 | D8: =+Summary!R108 -> 0.13155022
B9: =+Summary!P109 -> 71829741 | C9: =+Summary!Q109 -> 17723526 | D9: =+Summary!R109 -> 0.24674356
B10: =+Summary!P110 -> 1869700.8 | C10: =+Summary!Q110 -> 0.033724495 | D10: =+Summary!R110 -> 1.8037375e-08

Sheet 2018
B2: =+Summary!P6 -> Average income | C2: =+Summary!Q6 -> Average tax | D2: =+Summary!R6 -> Average tax rate
B3: =+Summary!P110 -> 1869700.8 | C3: =+Summary!Q110 -> 0.033724495 | D3: =+Summary!R110 -> 1.8037375e-08
B4: =+Summary!P111 -> 6761441.6 | C4: =+Summary!Q111 -> 88625.157 | D4: =+Summary!R111 -> 0.013107435
B5: =+Summary!P112 -> 12853646 | C5: =+Summary!Q112 -> 442361.85 | D5: =+Summary!R112 -> 0.034415281
B6: =+Summary!P113 -> 19808907 | C6: =+Summary!Q113 -> 1162207.8 | D6: =+Summary!R113 -> 0.058670967
B7: =+Summary!P114 -> 26578759 | C7: =+Summary!Q114 -> 2361811.9 | D7: =+Summary!R114 -> 0.088860878
B8: =+Summary!P115 -> 34737995 | C8: =+Summary!Q115 -> 4565973.3 | D8: =+Summary!R115 -> 0.13144032
B9: =+Summary!P116 -> 76750561 | C9: =+Summary!Q116 -> 19004766 | D9: =+Summary!R116 -> 0.2476173
B10: =+Summary!P117 -> 1970488.2 | C10: =+Summary!Q117 -> 0.10098736 | D10: =+Summary!R117 -> 5.1249919e-08

Sheet 2019
B2: =+Summary!P6 -> Average income | C2: =+Summary!Q6 -> Average tax | D2: =+Summary!R6 -> Average tax rate
B3: =+Summary!P117 -> 1970488.2 | C3: =+Summary!Q117 -> 0.10098736 | D3: =+Summary!R117 -> 5.1249919e-08
B4: =+Summary!P118 -> 7124708.7 | C4: =+Summary!Q118 -> 93476.6 | D4: =+Summary!R118 -> 0.013120059
B5: =+Summary!P119 -> 13541317 | C5: =+Summary!Q119 -> 466197.05 | D5: =+Summary!R119 -> 0.034427749
B6: =+Summary!P120 -> 20853806 | C6: =+Summary!Q120 -> 1222832.9 | D6: =+Summary!R120 -> 0.058638358
B7: =+Summary!P121 -> 27990821 | C7: =+Summary!Q121 -> 2486968.6 | D7: =+Summary!R121 -> 0.088849434
B8: =+Summary!P122 -> 36572278 | C8: =+Summary!Q122 -> 4804436.4 | D8: =+Summary!R122 -> 0.13136826
B9: =+Summary!P123 -> 84550918 | C9: =+Summary!Q123 -> 21320781 | D9: =+Summary!R123 -> 0.25216498
B10: =+Summary!P124 -> 2084837.7 | C10: =+Summary!Q124 -> 0 | D10: =+Summary!R124 -> 0

Sheet 2020
B2: =+Summary!P6 -> Average income | C2: =+Summary!Q6 -> Average tax | D2: =+Summary!R6 -> Average tax rate
B3: =+Summary!P124 -> 2084837.7 | C3: =+Summary!Q124 -> 0 | D3: =+Summary!R124 -> 0
B4: =+Summary!P125 -> 7545319.9 | C4: =+Summary!Q125 -> 99272.94 | D4: =+Summary!R125 -> 0.013156889
B5: =+Summary!P126 -> 14581997 | C5: =+Summary!Q126 -> 513896.35 | D5: =+Summary!R126 -> 0.035241837
B6: =+Summary!P127 -> 22015217 | C6: =+Summary!Q127 -> 1287900.7 | D6: =+Summary!R127 -> 0.058500477
B7: =+Summary!P128 -> 29541910 | C7: =+Summary!Q128 -> 2615848.5 | D7: =+Summary!R128 -> 0.088547035
B8: =+Summary!P129 -> 38629178 | C8: =+Summary!Q129 -> 5066106.4 | D8: =+Summary!R129 -> 0.13114715
B9: =+Summary!P130 -> 63294677 | C9: =+Summary!Q130 -> 13401555 | D9: =+Summary!R130 -> 0.21173273
B10: =+Summary!P131 -> 2.1730447e+08 | C10: =+Summary!Q131 -> 72229859 | D10: =+Summary!R131 -> 0.33239011
B11: =+Summary!P132 -> 2406438.5 | C11: =+Summary!Q132 -> 0 | D11: =+Summary!R132 -> 0
